CODI_PROVINCIA,PROVINCIA,CODI_MUNICIPI,MUNICIPI,ESTACIO,CODI_CONTAMINANT,ANY,MES,DIA,H01,V01,H02,V02,H03,V03,H04,V04,H05,V05,H06,V06,H07,V07,H08,V08,H09,V09,H10,V10,H11,V11,H12,V12,H13,V13,H14,V14,H15,V15,H16,V16,H17,V17,H18,V18,H19,V19,H20,V20,H21,V21,H22,V22,H23,V23,H24,V24
08,Barcelona,019,Barcelona,043,999,2025,2,11,25.9,V,26.1,V,25.3,V,23.6,V,18.3,V,19.1,V,16.4,V,16.7,V,19.9,V,19.5,V,18,V,19.1,V,20,V,19.2,V,17.1,V,19.9,V,18.5,V,17.3,V,16.5,V,14.7,V,19.1,V,21.2,V,22,V,27.1,V
08,Barcelona,019,Barcelona,043,999,2025,2,12,25.3,V,23.3,V,,N,22.3,V,25,V,25.3,V,24,V,17.9,V,17.7,V,17.8,V,16.1,V,17.6,V,17.2,V,21.3,V,19,V,16.6,V,16,V,15.6,V,17.8,V,20.6,V,22.5,V,21.7,V,25.5,V,28.8,V
08,Barcelona,019,Barcelona,043,999,2025,2,13,31.1,V,35.7,V,28.5,V,30.8,V,28,V,26.6,V,20.5,V,20.8,V,19.4,V,19.8,V,17.8,V,20,V,20,V,20.2,V,22.7,V,21,V,18.5,V,17.9,V,19.1,V,18,V,24.8,V,27.7,V,26.3,V,29.7,V
08,Barcelona,019,Barcelona,043,999,2025,2,14,,N,32,V,28.3,V,25.3,V,21.8,V,22.6,V,22.8,V,14.5,V,17.2,V,17.7,V,17.8,V,18,V,17.2,V,13.8,V,16.7,V,16.3,V,14.8,V,14.6,V,17,V,16.4,V,,N,,N,,N,,N
08,Barcelona,019,Barcelona,054,999,2025,2,11,15.2,V,19.3,V,16.7,V,18.3,V,15.5,V,16.2,V,9.7,V,10.4,V,11.2,V,10.6,V,13.4,V,15.4,V,15.7,V,13.5,V,15.1,V,16.2,V,17.1,V,12.6,V,11.2,V,12.6,V,18.5,V,20.2,V,15.5,V,21.2,V
08,Barcelona,019,Barcelona,054,999,2025,2,12,27.4,V,22.2,V,19.3,V,20.6,V,16.6,V,12.7,V,12.3,V,10,V,10.9,V,12.2,V,11.5,V,11.1,V,11.2,V,,N,14.1,V,14.7,V,14.8,V,14,V,12.9,V,11.9,V,12.9,V,14.6,V,21.4,V,28.4,V
08,Barcelona,019,Barcelona,054,999,2025,2,13,28.7,V,30.5,V,29.1,V,26,V,25.3,V,22.7,V,22.2,V,22.1,V,17.5,V,15.7,V,13.5,V,14.6,V,14.7,V,15.3,V,16.8,V,15.3,V,13.9,V,11.7,V,15,V,18.3,V,19.3,V,22,V,23.8,V,22.5,V
08,Barcelona,019,Barcelona,054,999,2025,2,14,,N,25,V,21.2,V,23.8,V,25.1,V,18.3,V,19,V,14.7,V,17.8,V,17.2,V,17.9,V,17.7,V,17,V,17.2,V,12.2,V,13.1,V,13.1,V,13.5,V,14,V,14.2,V,,N,,N,,N,,N
08,Barcelona,019,Barcelona,043,22,2025,2,11,1303,V,1455,V,1415,V,781,V,772,V,599,V,2091,V,1910,V,1276,V,1161,V,1152,V,1103,V,906,V,1228,V,790,V,847,V,693,V,1284,V,1291,V,1255,V,1071,V,1127,V,1120,V,914,V
08,Barcelona,019,Barcelona,043,22,2025,2,12,650,V,630,V,,N,640,V,1515,V,2095,V,1786,V,2274,V,3601,V,4060,V,1969,V,2001,V,1453,V,1861,V,1499,V,1276,V,1266,V,1203,V,1720,V,1857,V,1628,V,1100,V,1270,V,1028,V
08,Barcelona,019,Barcelona,043,22,2025,2,13,684,V,493,V,689,V,773,V,1035,V,702,V,939,V,1595,V,2575,V,1695,V,862,V,904,V,644,V,629,V,544,V,930,V,1350,V,2375,V,1097,V,993,V,1180,V,1030,V,1005,V,552,V
08,Barcelona,019,Barcelona,043,22,2025,2,14,,N,435,V,408,V,1244,V,1065,V,1190,V,797,V,2160,V,2459,V,2612,V,2569,V,3800,V,2767,V,3943,V,1312,V,1731,V,3470,V,4504,V,3405,V,3915,V,,N,,N,,N,,N
08,Barcelona,019,Barcelona,054,22,2025,2,11,696,V,733,V,521,V,379,V,469,V,761,V,2634,V,3668,V,2827,V,3439,V,755,V,446,V,687,V,586,V,385,V,332,V,357,V,634,V,1015,V,1428,V,973,V,1411,V,1734,V,987,V
08,Barcelona,019,Barcelona,054,22,2025,2,12,578,V,442,V,213,V,321,V,254,V,514,V,810,V,1033,V,2317,V,1932,V,1439,V,1368,V,931,V,,N,1269,V,728,V,764,V,1086,V,1483,V,1468,V,1224,V,1709,V,1353,V,447,V
08,Barcelona,019,Barcelona,054,22,2025,2,13,506,V,407,V,475,V,704,V,669,V,773,V,630,V,595,V,770,V,632,V,586,V,759,V,643,V,554,V,452,V,509,V,648,V,823,V,831,V,656,V,747,V,665,V,516,V,385,V
08,Barcelona,019,Barcelona,054,22,2025,2,14,,N,237,V,400,V,308,V,333,V,912,V,686,V,1160,V,882,V,720,V,630,V,669,V,525,V,623,V,902,V,900,V,959,V,1135,V,1037,V,2793,V,,N,,N,,N,,N
08,Barcelona,019,Barcelona,043,6,2025,2,11,0.6,V,0.5,V,0.5,V,0.4,V,0.4,V,0.4,V,0.5,V,0.6,V,0.6,V,0.6,V,0.5,V,0.5,V,0.4,V,0.5,V,0.5,V,0.5,V,0.5,V,0.5,V,0.6,V,0.5,V,0.5,V,0.5,V,0.5,V,0.5,V
08,Barcelona,019,Barcelona,043,6,2025,2,12,0.5,V,0.4,V,0.4,V,0.4,V,0.5,V,0.6,V,0.6,V,0.8,V,1,V,1.2,V,0.7,V,0.7,V,0.6,V,0.7,V,0.7,V,0.6,V,0.6,V,0.6,V,0.7,V,0.8,V,0.7,V,0.6,V,0.6,V,0.5,V
08,Barcelona,019,Barcelona,043,6,2025,2,13,0.5,V,0.4,V,0.4,V,0.4,V,0.4,V,0.4,V,0.4,V,0.6,V,0.9,V,0.7,V,0.5,V,0.4,V,0.4,V,0.4,V,0.4,V,0.5,V,0.5,V,0.7,V,0.5,V,0.5,V,0.6,V,0.5,V,0.5,V,0.4,V
08,Barcelona,019,Barcelona,043,6,2025,2,14,0.4,V,0.4,V,0.4,V,0.5,V,0.5,V,0.5,V,0.4,V,0.7,V,1,V,0.7,V,0.7,V,0.7,V,0.6,V,0.6,V,0.6,V,0.6,V,0.6,V,0.7,V,0.8,V,0.8,V,,N,,N,,N,,N
08,Barcelona,019,Barcelona,057,6,2025,2,11,0.3,V,0.2,V,0.2,V,0.2,V,0.1,V,0.2,V,0.2,V,0.3,V,0.3,V,0.2,V,0.2,V,0.2,V,0.2,V,0.2,V,0.1,V,0.1,V,0.3,V,0.3,V,0.3,V,0.4,V,0.4,V,0.4,V,0.3,V,0.3,V
08,Barcelona,019,Barcelona,057,6,2025,2,12,0.3,V,0.3,V,0.2,V,0.3,V,0.2,V,0.3,V,0.4,V,0.5,V,0.7,V,0.7,V,0.5,V,0.3,V,0.3,V,0.3,V,0.3,V,0.2,V,0.2,V,0.3,V,0.3,V,0.3,V,0.2,V,0.2,V,0.3,V,0.2,V
08,Barcelona,019,Barcelona,057,6,2025,2,13,0.2,V,0.2,V,0.2,V,0.2,V,0.2,V,0.2,V,0.3,V,0.3,V,0.3,V,0.3,V,0.2,V,0.2,V,0.2,V,0.2,V,0.3,V,0.2,V,0.4,V,0.4,V,0.4,V,0.3,V,0.4,V,0.6,V,0.6,V,0.4,V
08,Barcelona,019,Barcelona,057,6,2025,2,14,0.4,V,0.4,V,0.4,V,0.3,V,0.4,V,0.4,V,0.3,V,0.4,V,,N,0.7,V,0.6,V,0.6,V,0.5,V,0.4,V,0.4,V,0.3,V,0.3,V,0.3,V,0.4,V,0.6,V,,N,,N,,N,,N
08,Barcelona,019,Barcelona,057,106,2025,2,11,0.24,V,0.18,V,0.16,V,0.14,V,0.13,V,0.15,V,0.18,V,0.27,V,0.3,V,0.26,V,0.16,V,0.2,V,0.18,V,0.15,V,0.14,V,0.1,V,0.25,V,0.28,V,0.3,V,0.36,V,0.36,V,0.4,V,0.32,V,0.32,V
08,Barcelona,019,Barcelona,057,106,2025,2,12,0.28,V,0.25,V,0.23,V,0.27,V,0.22,V,0.28,V,0.4,V,0.44,V,0.65,V,0.64,V,0.48,V,0.28,V,0.34,V,0.31,V,0.25,V,0.16,V,0.24,V,0.28,V,0.25,V,0.29,V,0.23,V,0.25,V,0.26,V,0.21,V
08,Barcelona,019,Barcelona,057,106,2025,2,13,0.19,V,0.19,V,0.2,V,0.2,V,0.19,V,0.17,V,0.29,V,0.27,V,0.29,V,0.26,V,0.24,V,0.24,V,0.22,V,0.25,V,0.25,V,0.22,V,0.35,V,0.4,V,0.35,V,0.35,V,0.43,V,0.56,V,0.56,V,0.43,V
08,Barcelona,019,Barcelona,057,106,2025,2,14,0.42,V,0.36,V,0.36,V,0.32,V,0.35,V,0.38,V,0.36,V,0.41,V,,N,0.7,V,0.57,V,0.55,V,0.46,V,0.35,V,0.36,V,0.32,V,0.33,V,0.33,V,0.36,V,0.56,V,,N,,N,,N,,N
08,Barcelona,019,Barcelona,054,6,2025,2,11,0.2,V,0.2,V,0.2,V,0.2,V,0.2,V,0.2,V,0.4,V,0.6,V,0.6,V,0.6,V,0.2,V,0.2,V,0.2,V,0.2,V,0.2,V,0.2,V,0.2,V,0.2,V,0.2,V,0.3,V,0.3,V,0.3,V,0.4,V,0.3,V
08,Barcelona,019,Barcelona,054,6,2025,2,12,0.2,V,0.2,V,0.2,V,0.2,V,0.2,V,0.2,V,0.2,V,0.3,V,0.4,V,0.5,V,0.3,V,0.3,V,0.2,V,0.3,V,0.2,V,0.2,V,0.2,V,0.2,V,0.2,V,0.2,V,0.2,V,0.3,V,0.3,V,0.2,V
08,Barcelona,019,Barcelona,054,6,2025,2,13,0.2,V,0.2,V,0.2,V,0.2,V,0.2,V,0.2,V,0.2,V,0.2,V,0.2,V,0.2,V,0.2,V,0.2,V,0.2,V,0.2,V,0.2,V,0.2,V,0.2,V,0.2,V,0.2,V,0.2,V,0.2,V,0.2,V,0.2,V,0.2,V
08,Barcelona,019,Barcelona,054,6,2025,2,14,0.2,V,0.2,V,0.2,V,0.2,V,0.2,V,0.2,V,0.2,V,0.3,V,0.3,V,0.2,V,0.2,V,0.2,V,0.2,V,0.2,V,0.3,V,0.2,V,0.2,V,0.3,V,0.3,V,0.6,V,,N,,N,,N,,N
08,Barcelona,019,Barcelona,043,997,2025,2,11,3885.3,V,3885,V,3885,V,3885,V,3885,V,3885,V,3883.7,V,3878.3,V,3874.6,V,3873.4,V,3873,V,3873,V,3873,V,3873,V,3884.3,V,3882,V,3878.2,V,3874.1,V,3873.1,V,3873,V,3873,V,3873,V,3873,V,3873,V
08,Barcelona,019,Barcelona,043,997,2025,2,12,3872.6,V,3871.4,V,,N,3866.4,V,3862.7,V,3861,V,3885,V,3885,V,3883.2,V,3873.8,V,3873,V,3873,V,3873,V,3887.5,V,3885,V,3885,V,3885,V,3885,V,3885,V,3884.4,V,3880.3,V,3876.8,V,3874.2,V,3873.1,V
08,Barcelona,019,Barcelona,043,997,2025,2,13,3880.2,V,3909,V,3908.2,V,3901.8,V,3897.3,V,3897,V,3897,V,3897,V,3896.4,V,3890,V,3887.1,V,3885.6,V,3885.1,V,3885,V,3885,V,3885,V,3884.7,V,3879.8,V,3874.2,V,3873.1,V,3873,V,3873,V,3873,V,3873,V
08,Barcelona,019,Barcelona,043,997,2025,2,14,,N,3897,V,3897,V,3897,V,3897,V,3896.8,V,3895.2,V,3889.6,V,3885.1,V,3885,V,3885,V,3875.2,V,3870.3,V,3861.8,V,3861,V,3861,V,3860.5,V,3877.6,V,3873.3,V,3873,V,,N,,N,,N,,N
08,Barcelona,019,Barcelona,054,997,2025,2,11,3906.1,V,3905,V,3905,V,3905,V,3905,V,3905,V,3912.9,V,3943.1,V,3943,V,3936.6,V,3930.2,V,3930,V,3930,V,3930,V,3930,V,3930,V,3930,V,3930,V,3930,V,3930,V,3934.4,V,3954,V,3945.6,V,3943.1,V
08,Barcelona,019,Barcelona,054,997,2025,2,12,3943,V,3943,V,3943,V,3943,V,3943,V,3943,V,3943,V,3943,V,3937.9,V,3936.1,V,3943,V,3943,V,3943,V,,N,3966.8,V,3956.2,V,3955,V,3955,V,3955,V,3955,V,3955,V,3954.7,V,3948.3,V,3944.4,V
08,Barcelona,019,Barcelona,054,997,2025,2,13,3943.6,V,3943,V,3943,V,3943,V,3943,V,3943,V,3949.4,V,3948.1,V,3944.2,V,3943,V,3943,V,3943,V,3943,V,3943,V,3943,V,3942.7,V,3939.6,V,3933.7,V,3930.7,V,3930.4,V,3930.1,V,3930,V,3930,V,3930,V
08,Barcelona,019,Barcelona,054,997,2025,2,14,,N,3955,V,3955,V,3955,V,3955,V,3955,V,3955,V,3954.9,V,3952.1,V,3944.4,V,3943,V,3943,V,3943,V,3943,V,3943,V,3941.9,V,3939.4,V,3934.7,V,3932.3,V,3930.4,V,,N,,N,,N,,N
08,Barcelona,019,Barcelona,043,996,2025,2,11,1113.7,V,1114,V,1114,V,1114,V,1114,V,1114,V,1115.3,V,1120.8,V,1124.5,V,1125.6,V,1126.1,V,1126.1,V,1126,V,1126,V,1114.7,V,1117,V,1120.8,V,1124.9,V,1126,V,1126,V,1126,V,1126,V,1126,V,1126,V
08,Barcelona,019,Barcelona,043,996,2025,2,12,1126.5,V,1127.6,V,,N,1132.6,V,1136.3,V,1138,V,1114,V,1114,V,1115.8,V,1125.3,V,1126,V,1126,V,1126,V,1111.5,V,1114,V,1114,V,1114,V,1114,V,1114,V,1114.6,V,1118.7,V,1122.2,V,1124.9,V,1125.9,V
08,Barcelona,019,Barcelona,043,996,2025,2,13,1118.8,V,1090,V,1090.9,V,1097.3,V,1101.7,V,1102,V,1102,V,1102,V,1102.6,V,1109.1,V,1111.9,V,1113.4,V,1114,V,1114,V,1114,V,1114,V,1114.3,V,1119.2,V,1124.9,V,1126,V,1126,V,1126,V,1126,V,1126,V
08,Barcelona,019,Barcelona,043,996,2025,2,14,,N,1102,V,1102,V,1102,V,1102,V,1102.3,V,1103.8,V,1109.5,V,1113.9,V,1114,V,1114,V,1123.8,V,1128.7,V,1137.3,V,1138,V,1138,V,1138.5,V,1121.5,V,1125.7,V,1126,V,,N,,N,,N,,N
08,Barcelona,019,Barcelona,054,996,2025,2,11,1063,V,1064,V,1064,V,1064,V,1064,V,1064,V,1056.1,V,1026,V,1026,V,1032.4,V,1038.8,V,1039,V,1039,V,1039,V,1039,V,1039,V,1039,V,1039,V,1039,V,1039,V,1034.6,V,1015,V,1023.4,V,1025.9,V
08,Barcelona,019,Barcelona,054,996,2025,2,12,1026,V,1026,V,1026,V,1026,V,1026,V,1026,V,1026,V,1026,V,1031.1,V,1032.9,V,1026,V,1026,V,1026,V,,N,1002.2,V,1012.8,V,1014,V,1014,V,1014,V,1014,V,1014,V,1014.3,V,1020.7,V,1024.6,V
08,Barcelona,019,Barcelona,054,996,2025,2,13,1025.5,V,1026,V,1026,V,1026,V,1026,V,1026,V,1019.6,V,1020.9,V,1024.9,V,1026,V,1026,V,1026,V,1026,V,1026,V,1026,V,1026.4,V,1029.4,V,1035.3,V,1038.3,V,1038.6,V,1038.9,V,1039,V,1039,V,1039,V
08,Barcelona,019,Barcelona,054,996,2025,2,14,,N,1014,V,1014,V,1014,V,1014,V,1014,V,1014,V,1014.1,V,1016.9,V,1024.6,V,1026,V,1026,V,1026,V,1026,V,1026,V,1027.1,V,1029.7,V,1034.4,V,1036.8,V,1038.6,V,,N,,N,,N,,N
08,Barcelona,019,Barcelona,043,998,2025,2,11,4999,V,4999,V,4999,V,4999,V,4999,V,4999,V,4999,V,4999,V,4999,V,4999,V,4999.1,V,4999.1,V,4999,V,4999,V,4999,V,4999,V,4999,V,4999,V,4999,V,4999,V,4999,V,4999,V,4999,V,4999,V
08,Barcelona,019,Barcelona,043,998,2025,2,12,4999,V,4999,V,,N,4999,V,4999,V,4999,V,4999,V,4999,V,4999,V,4999,V,4999,V,4999,V,4999,V,4999,V,4999,V,4999,V,4999,V,4999,V,4999,V,4999,V,4999,V,4999,V,4999.1,V,4999,V
08,Barcelona,019,Barcelona,043,998,2025,2,13,4999,V,4999,V,4999,V,4999,V,4999,V,4999,V,4999,V,4999,V,4999,V,4999,V,4999,V,4999,V,4999,V,4999,V,4999,V,4999,V,4999,V,4999,V,4999,V,4999,V,4999,V,4999,V,4999,V,4999,V
08,Barcelona,019,Barcelona,043,998,2025,2,14,,N,4999,V,4999,V,4999,V,4999,V,4999,V,4999,V,4999,V,4999,V,4999,V,4999,V,4999,V,4999,V,4999,V,4999,V,4999,V,4999,V,4999.1,V,4999,V,4999,V,,N,,N,,N,,N
08,Barcelona,019,Barcelona,054,998,2025,2,11,4969,V,4969,V,4969,V,4969,V,4969,V,4969,V,4969,V,4969,V,4969,V,4969,V,4969,V,4969,V,4969,V,4969,V,4969,V,4969,V,4969,V,4969,V,4969,V,4969,V,4969,V,4969,V,4969,V,4969,V
08,Barcelona,019,Barcelona,054,998,2025,2,12,4969,V,4969,V,4969,V,4969,V,4969,V,4969,V,4969,V,4969,V,4969,V,4969,V,4969,V,4969,V,4969,V,,N,4969,V,4969,V,4969,V,4969,V,4969,V,4969,V,4969,V,4969,V,4969,V,4969,V
08,Barcelona,019,Barcelona,054,998,2025,2,13,4969,V,4969,V,4969,V,4969,V,4969,V,4969,V,4969,V,4969,V,4969,V,4969,V,4969,V,4969,V,4969,V,4969,V,4969,V,4969,V,4969,V,4969,V,4969,V,4969,V,4969,V,4969,V,4969,V,4969,V
08,Barcelona,019,Barcelona,054,998,2025,2,14,,N,4969,V,4969,V,4969,V,4969,V,4969,V,4969,V,4969,V,4969,V,4969,V,4969,V,4969,V,4969,V,4969,V,4969,V,4969,V,4969,V,4969,V,4969,V,4969,V,,N,,N,,N,,N
08,Barcelona,019,Barcelona,050,7,2025,2,11,1,V,1,V,1,V,17,V,19,V,20,V,19,V,14,V,10,V,9,V,11,V,4,V,4,V,2,V,2,V,2,V,3,V,2,V,13,V,2,V,1,V,1,V,1,V,1,V
08,Barcelona,019,Barcelona,050,7,2025,2,12,1,V,1,V,3,V,1,V,5,V,4,V,4,V,30,V,57,V,59,V,39,V,26,V,14,V,5,V,1,V,1,V,1,V,1,V,1,V,2,V,2,V,1,V,1,V,1,V
08,Barcelona,019,Barcelona,050,7,2025,2,13,1,V,1,V,1,V,1,V,1,V,1,V,2,V,25,V,14,V,5,V,5,V,4,V,5,V,8,V,9,V,6,V,8,V,4,V,3,V,3,V,1,V,1,V,2,V,1,V
08,Barcelona,019,Barcelona,050,7,2025,2,14,2,V,3,V,2,V,1,V,1,V,1,V,1,V,16,V,29,V,17,V,20,V,6,V,8,V,2,V,1,V,1,V,2,V,2,V,1,V,1,V,,N,,N,,N,,N
08,Barcelona,019,Barcelona,043,7,2025,2,11,3,V,7,V,6,V,1,V,3,V,2,V,10,V,18,V,8,V,10,V,7,V,5,V,7,V,12,V,8,V,7,V,5,V,9,V,5,V,2,V,1,V,1,V,1,V,2,V
08,Barcelona,019,Barcelona,043,7,2025,2,12,1,V,5,V,2,V,1,V,6,V,9,V,5,V,28,V,63,V,83,V,19,V,20,V,13,V,15,V,9,V,8,V,6,V,6,V,8,V,8,V,7,V,2,V,3,V,5,V
08,Barcelona,019,Barcelona,043,7,2025,2,13,2,V,1,V,2,V,1,V,2,V,2,V,3,V,20,V,36,V,25,V,5,V,7,V,7,V,4,V,4,V,7,V,10,V,13,V,2,V,2,V,2,V,1,V,3,V,1,V
08,Barcelona,019,Barcelona,043,7,2025,2,14,2,V,1,V,2,V,6,V,6,V,9,V,2,V,29,V,38,V,33,V,37,V,59,V,27,V,33,V,15,V,16,V,29,V,40,V,30,V,48,V,,N,,N,,N,,N
08,Barcelona,019,Barcelona,044,7,2025,2,11,2,V,4,V,6,V,3,V,2,V,2,V,4,V,10,V,36,V,15,V,18,V,14,V,14,V,10,V,7,V,12,V,8,V,9,V,10,V,6,V,4,V,4,V,2,V,5,V
08,Barcelona,019,Barcelona,044,7,2025,2,12,7,V,2,V,1,V,1,V,3,V,5,V,10,V,21,V,67,V,61,V,23,V,29,V,20,V,38,V,14,V,27,V,27,V,15,V,12,V,13,V,8,V,5,V,7,V,5,V
08,Barcelona,019,Barcelona,044,7,2025,2,13,3,V,2,V,2,V,5,V,7,V,5,V,5,V,21,V,52,V,18,V,26,V,17,V,11,V,7,V,7,V,10,V,10,V,16,V,20,V,9,V,5,V,8,V,3,V,9,V
08,Barcelona,019,Barcelona,044,7,2025,2,14,3,V,11,V,7,V,4,V,7,V,5,V,5,V,19,V,28,V,22,V,41,V,39,V,26,V,31,V,14,V,27,V,29,V,35,V,17,V,14,V,,N,,N,,N,,N
08,Barcelona,019,Barcelona,058,7,2025,2,11,1,V,1,V,1,V,1,V,1,V,1,V,1,V,2,V,2,V,2,V,2,V,2,V,7,V,2,V,2,V,1,V,2,V,1,V,1,V,1,V,1,V,1,V,1,V,1,V
08,Barcelona,019,Barcelona,058,7,2025,2,12,1,V,1,V,1,V,1,V,1,V,1,V,1,V,1,V,2,V,2,V,2,V,1,V,1,V,3,V,3,V,1,V,1,V,1,V,1,V,1,V,1,V,1,V,1,V,1,V
08,Barcelona,019,Barcelona,058,7,2025,2,13,1,V,1,V,1,V,1,V,1,V,1,V,1,V,1,V,1,V,2,V,2,V,3,V,3,V,3,V,2,V,2,V,2,V,2,V,1,V,1,V,1,V,1,V,1,V,1,V
08,Barcelona,019,Barcelona,058,7,2025,2,14,1,V,1,V,1,V,1,V,1,V,1,V,1,V,1,V,1,V,2,V,5,V,3,V,3,V,3,V,6,V,4,V,5,V,5,V,6,V,4,V,,N,,N,,N,,N
08,Barcelona,019,Barcelona,057,7,2025,2,11,1,V,1,V,1,V,1,V,1,V,1,V,2,V,7,V,9,V,7,V,4,V,3,V,2,V,2,V,2,V,2,V,2,V,1,V,1,V,1,V,1,V,1,V,1,V,1,V
08,Barcelona,019,Barcelona,057,7,2025,2,12,1,V,1,V,1,V,1,V,1,V,1,V,3,V,17,V,32,V,22,V,8,V,5,V,6,V,3,V,2,V,1,V,3,V,1,V,1,V,1,V,1,V,1,V,1,V,1,V
08,Barcelona,019,Barcelona,057,7,2025,2,13,1,V,1,V,1,V,1,V,1,V,1,V,1,V,2,V,13,V,4,V,7,V,6,V,6,V,3,V,2,V,4,V,4,V,7,V,3,V,2,V,1,V,5,V,5,V,2,V
08,Barcelona,019,Barcelona,057,7,2025,2,14,2,V,1,V,1,V,1,V,1,V,1,V,2,V,6,V,20,V,14,V,14,V,10,V,10,V,6,V,8,V,6,V,11,V,8,V,5,V,22,V,,N,,N,,N,,N
08,Barcelona,019,Barcelona,057,107,2025,2,11,0.3,V,0.58,V,0.4,V,0.32,V,0.2,V,0.43,V,1.2,V,6.57,V,8.6,V,6.47,V,3.7,V,3.38,V,2.2,V,1.58,V,2.01,V,1.81,V,1.7,V,1.27,V,0.81,V,1.13,V,0.94,V,0.59,V,0.53,V,0.51,V
08,Barcelona,019,Barcelona,057,107,2025,2,12,0.57,V,0.25,V,0.32,V,0.35,V,0.41,V,0.27,V,3.07,V,16.37,V,31.85,V,22.32,V,8.1,V,4.43,V,5.69,V,3.14,V,1.44,V,1.02,V,2.66,V,0.6,V,0.59,V,0.85,V,0.56,V,0.53,V,0.37,V,0.45,V
08,Barcelona,019,Barcelona,057,107,2025,2,13,0.29,V,0.2,V,0.19,V,0.34,V,0.47,V,0.37,V,0.47,V,1.81,V,13.41,V,4.28,V,6.41,V,5.52,V,5.65,V,2.66,V,2.39,V,3.62,V,3.71,V,7.35,V,2.41,V,1.43,V,0.85,V,5.31,V,5.13,V,1.55,V
08,Barcelona,019,Barcelona,057,107,2025,2,14,1.28,V,0.36,V,1.22,V,0.53,V,0.34,V,0.83,V,1.75,V,6.21,V,20.31,V,13.71,V,14.36,V,10.3,V,10.13,V,5.55,V,7.52,V,6.08,V,10.67,V,7.78,V,5.21,V,22.02,V,,N,,N,,N,,N
08,Barcelona,019,Barcelona,004,7,2025,2,11,8,V,16,V,10,V,12,V,7,V,5,V,17,V,39,V,78,V,73,V,17,V,5,V,4,V,2,V,2,V,3,V,2,V,3,V,4,V,2,V,1,V,1,V,1,V,14,V
08,Barcelona,019,Barcelona,004,7,2025,2,12,8,V,1,V,3,V,8,V,2,V,4,V,16,V,34,V,52,V,63,V,74,V,59,V,47,V,12,V,4,V,1,V,1,V,1,V,1,V,2,V,1,V,1,V,1,V,1,V
08,Barcelona,019,Barcelona,004,7,2025,2,13,1,V,1,V,1,V,1,V,1,V,1,V,2,V,1,V,5,V,8,V,9,V,6,V,5,V,5,V,7,V,8,V,8,V,7,V,3,V,2,V,4,V,3,V,1,V,1,V
08,Barcelona,019,Barcelona,004,7,2025,2,14,1,V,2,V,1,V,1,V,1,V,3,V,7,V,17,V,30,V,38,V,34,V,10,V,7,V,3,V,1,V,1,V,1,V,1,V,1,V,1,V,,N,,N,,N,,N
08,Barcelona,019,Barcelona,042,7,2025,2,11,1,V,1,V,1,V,4,V,1,V,1,V,2,V,12,V,3,V,3,V,3,V,4,V,3,V,2,V,2,V,2,V,2,V,1,V,1,V,1,V,1,V,1,V,1,V,1,V
08,Barcelona,019,Barcelona,042,7,2025,2,12,1,V,1,V,1,V,2,V,2,V,3,V,7,V,17,V,23,V,33,V,9,V,2,V,4,V,4,V,1,V,1,V,1,V,1,V,1,V,1,V,1,V,1,V,1,V,1,V
08,Barcelona,019,Barcelona,042,7,2025,2,13,1,V,1,V,1,V,1,V,1,V,1,V,1,V,2,V,3,V,3,V,3,V,4,V,3,V,2,V,3,V,3,V,3,V,3,V,1,V,1,V,2,V,2,V,2,V,2,V
08,Barcelona,019,Barcelona,042,7,2025,2,14,1,V,1,V,1,V,3,V,2,V,2,V,1,V,1,V,5,V,10,V,7,V,9,V,18,V,9,V,6,V,5,V,6,V,5,V,2,V,3,V,,N,,N,,N,,N
08,Barcelona,019,Barcelona,054,7,2025,2,11,1,V,1,V,1,V,4,V,1,V,3,V,20,V,42,V,31,V,56,V,4,V,1,V,2,V,1,V,1,V,1,V,1,V,1,V,1,V,1,V,2,V,3,V,11,V,8,V
08,Barcelona,019,Barcelona,054,7,2025,2,12,15,V,6,V,1,V,1,V,1,V,1,V,5,V,7,V,10,V,11,V,4,V,3,V,3,V,4,V,4,V,1,V,1,V,2,V,2,V,2,V,2,V,2,V,2,V,1,V
08,Barcelona,019,Barcelona,054,7,2025,2,13,1,V,1,V,1,V,1,V,1,V,2,V,3,V,3,V,4,V,4,V,3,V,4,V,3,V,3,V,3,V,2,V,2,V,3,V,3,V,2,V,2,V,1,V,2,V,2,V
08,Barcelona,019,Barcelona,054,7,2025,2,14,2,V,1,V,1,V,1,V,1,V,2,V,3,V,9,V,4,V,4,V,3,V,3,V,2,V,2,V,5,V,3,V,4,V,3,V,1,V,48,V,,N,,N,,N,,N
08,Barcelona,019,Barcelona,050,8,2025,2,11,41,V,33,V,34,V,43,V,38,V,41,V,40,V,54,V,65,V,61,V,44,V,31,V,26,V,14,V,10,V,16,V,26,V,37,V,70,V,47,V,35,V,36,V,34,V,38,V
08,Barcelona,019,Barcelona,050,8,2025,2,12,34,V,46,V,46,V,41,V,38,V,36,V,39,V,50,V,64,V,71,V,71,V,65,V,60,V,31,V,15,V,16,V,20,V,18,V,13,V,34,V,38,V,15,V,28,V,22,V
08,Barcelona,019,Barcelona,050,8,2025,2,13,16,V,18,V,14,V,12,V,15,V,17,V,19,V,39,V,39,V,24,V,18,V,14,V,17,V,23,V,30,V,27,V,39,V,41,V,38,V,27,V,41,V,41,V,39,V,40,V
08,Barcelona,019,Barcelona,050,8,2025,2,14,43,V,42,V,37,V,25,V,18,V,22,V,20,V,37,V,42,V,36,V,36,V,22,V,22,V,10,V,9,V,12,V,17,V,19,V,16,V,18,V,,N,,N,,N,,N
08,Barcelona,019,Barcelona,043,8,2025,2,11,58,V,60,V,59,V,34,V,32,V,24,V,71,V,76,V,63,V,46,V,36,V,32,V,34,V,31,V,25,V,27,V,27,V,35,V,46,V,44,V,41,V,41,V,37,V,37,V
08,Barcelona,019,Barcelona,043,8,2025,2,12,28,V,36,V,32,V,29,V,51,V,58,V,54,V,68,V,70,V,82,V,63,V,67,V,55,V,54,V,40,V,35,V,33,V,36,V,50,V,59,V,52,V,35,V,37,V,36,V
08,Barcelona,019,Barcelona,043,8,2025,2,13,28,V,15,V,17,V,20,V,28,V,23,V,30,V,40,V,55,V,45,V,28,V,25,V,18,V,16,V,16,V,26,V,38,V,50,V,35,V,30,V,39,V,29,V,30,V,17,V
08,Barcelona,019,Barcelona,043,8,2025,2,14,16,V,15,V,17,V,41,V,37,V,38,V,32,V,52,V,57,V,52,V,53,V,59,V,41,V,49,V,34,V,42,V,62,V,79,V,80,V,84,V,,N,,N,,N,,N
08,Barcelona,019,Barcelona,044,8,2025,2,11,33,V,34,V,32,V,23,V,13,V,19,V,51,V,58,V,72,V,53,V,44,V,43,V,44,V,37,V,25,V,32,V,33,V,43,V,44,V,41,V,42,V,40,V,34,V,42,V
08,Barcelona,019,Barcelona,044,8,2025,2,12,53,V,24,V,12,V,16,V,40,V,29,V,46,V,58,V,70,V,73,V,60,V,71,V,59,V,72,V,47,V,60,V,61,V,48,V,40,V,50,V,38,V,27,V,40,V,24,V
08,Barcelona,019,Barcelona,044,8,2025,2,13,17,V,12,V,11,V,19,V,29,V,25,V,27,V,44,V,53,V,32,V,38,V,27,V,20,V,16,V,19,V,23,V,34,V,48,V,41,V,33,V,31,V,35,V,23,V,31,V
08,Barcelona,019,Barcelona,044,8,2025,2,14,25,V,39,V,38,V,26,V,20,V,20,V,27,V,39,V,40,V,36,V,51,V,45,V,37,V,44,V,32,V,54,V,60,V,70,V,57,V,61,V,,N,,N,,N,,N
08,Barcelona,019,Barcelona,058,8,2025,2,11,3,V,5,V,3,V,2,V,2,V,3,V,3,V,24,V,13,V,10,V,12,V,6,V,14,V,11,V,10,V,9,V,8,V,9,V,10,V,7,V,4,V,3,V,6,V,9,V
08,Barcelona,019,Barcelona,058,8,2025,2,12,7,V,3,V,2,V,3,V,2,V,3,V,2,V,2,V,15,V,14,V,12,V,14,V,10,V,27,V,37,V,13,V,12,V,11,V,12,V,8,V,6,V,16,V,11,V,3,V
08,Barcelona,019,Barcelona,058,8,2025,2,13,3,V,3,V,3,V,3,V,4,V,4,V,2,V,4,V,4,V,5,V,4,V,7,V,6,V,6,V,6,V,6,V,7,V,8,V,7,V,7,V,7,V,4,V,4,V,3,V
08,Barcelona,019,Barcelona,058,8,2025,2,14,2,V,2,V,3,V,2,V,2,V,2,V,3,V,4,V,5,V,4,V,13,V,6,V,6,V,8,V,21,V,26,V,37,V,51,V,62,V,27,V,,N,,N,,N,,N
08,Barcelona,019,Barcelona,057,8,2025,2,11,19,V,18,V,14,V,10,V,12,V,16,V,26,V,59,V,59,V,46,V,24,V,22,V,17,V,13,V,11,V,11,V,10,V,16,V,23,V,45,V,39,V,34,V,17,V,22,V
08,Barcelona,019,Barcelona,057,8,2025,2,12,24,V,11,V,3,V,12,V,13,V,17,V,33,V,46,V,61,V,68,V,45,V,30,V,35,V,36,V,27,V,19,V,26,V,25,V,21,V,31,V,21,V,17,V,23,V,10,V
08,Barcelona,019,Barcelona,057,8,2025,2,13,7,V,8,V,8,V,10,V,13,V,7,V,17,V,25,V,37,V,18,V,19,V,18,V,13,V,8,V,10,V,15,V,19,V,38,V,18,V,10,V,18,V,45,V,42,V,20,V
08,Barcelona,019,Barcelona,057,8,2025,2,14,25,V,15,V,15,V,8,V,14,V,16,V,14,V,21,V,40,V,34,V,25,V,21,V,25,V,17,V,28,V,31,V,46,V,53,V,65,V,68,V,,N,,N,,N,,N
08,Barcelona,019,Barcelona,057,108,2025,2,11,19.06,V,17.33,V,13.46,V,10.41,V,12.14,V,16.25,V,26.08,V,58.68,V,58.87,V,45.75,V,24.38,V,21.99,V,17.35,V,13.17,V,11.12,V,10.98,V,10.23,V,15.88,V,22.78,V,44.98,V,38.5,V,34.47,V,17.27,V,21.68,V
08,Barcelona,019,Barcelona,057,108,2025,2,12,23.67,V,10.91,V,2.9,V,11.81,V,13.08,V,16.94,V,33.2,V,46.19,V,60.77,V,68.26,V,44.9,V,29.89,V,34.72,V,35.96,V,26.54,V,19,V,26.04,V,25.03,V,21.18,V,31.07,V,20.7,V,17.11,V,22.79,V,9.81,V
08,Barcelona,019,Barcelona,057,108,2025,2,13,7.05,V,8.3,V,7.23,V,10.37,V,12.67,V,6.97,V,16.83,V,24.97,V,37.13,V,17.73,V,18.39,V,17.53,V,12.75,V,8.04,V,9.76,V,14.51,V,18.93,V,37.78,V,18,V,9.69,V,18.49,V,44.99,V,41.87,V,19.47,V
08,Barcelona,019,Barcelona,057,108,2025,2,14,24.67,V,14.79,V,15.15,V,8.36,V,13.6,V,15.71,V,13.47,V,20.73,V,39.95,V,33.91,V,25.3,V,21.24,V,24.37,V,17.3,V,28.02,V,30.51,V,45.31,V,53.25,V,65.37,V,67.85,V,,N,,N,,N,,N
08,Barcelona,019,Barcelona,004,8,2025,2,11,65,V,58,V,51,V,47,V,43,V,42,V,44,V,44,V,50,V,56,V,43,V,24,V,23,V,17,V,10,V,16,V,14,V,27,V,56,V,46,V,37,V,35,V,39,V,57,V
08,Barcelona,019,Barcelona,004,8,2025,2,12,56,V,47,V,43,V,39,V,36,V,36,V,39,V,45,V,46,V,51,V,57,V,58,V,61,V,34,V,19,V,13,V,14,V,14,V,15,V,39,V,37,V,17,V,34,V,24,V
08,Barcelona,019,Barcelona,004,8,2025,2,13,14,V,18,V,18,V,19,V,15,V,19,V,28,V,25,V,34,V,27,V,23,V,15,V,14,V,17,V,27,V,31,V,35,V,45,V,30,V,31,V,42,V,40,V,16,V,17,V
08,Barcelona,019,Barcelona,004,8,2025,2,14,23,V,27,V,17,V,13,V,22,V,30,V,31,V,32,V,33,V,35,V,32,V,21,V,17,V,11,V,9,V,9,V,11,V,13,V,14,V,20,V,,N,,N,,N,,N
08,Barcelona,019,Barcelona,042,8,2025,2,11,35,V,34,V,31,V,26,V,14,V,18,V,47,V,64,V,40,V,27,V,22,V,24,V,16,V,13,V,10,V,10,V,12,V,14,V,17,V,27,V,29,V,25,V,30,V,22,V
08,Barcelona,019,Barcelona,042,8,2025,2,12,15,V,15,V,12,V,45,V,29,V,45,V,47,V,48,V,56,V,66,V,50,V,35,V,38,V,36,V,20,V,21,V,21,V,21,V,24,V,34,V,33,V,24,V,30,V,19,V
08,Barcelona,019,Barcelona,042,8,2025,2,13,12,V,9,V,12,V,13,V,11,V,10,V,12,V,24,V,20,V,13,V,12,V,12,V,10,V,7,V,8,V,12,V,16,V,25,V,22,V,20,V,23,V,37,V,41,V,44,V
08,Barcelona,019,Barcelona,042,8,2025,2,14,32,V,11,V,27,V,29,V,31,V,25,V,14,V,17,V,25,V,32,V,22,V,24,V,39,V,29,V,25,V,28,V,38,V,45,V,42,V,66,V,,N,,N,,N,,N
08,Barcelona,019,Barcelona,054,8,2025,2,11,25,V,23,V,16,V,20,V,21,V,31,V,51,V,56,V,54,V,60,V,30,V,12,V,19,V,17,V,13,V,11,V,11,V,17,V,33,V,45,V,36,V,40,V,65,V,42,V
08,Barcelona,019,Barcelona,054,8,2025,2,12,40,V,42,V,11,V,14,V,28,V,18,V,35,V,47,V,65,V,58,V,40,V,35,V,34,V,43,V,37,V,25,V,22,V,26,V,35,V,40,V,33,V,37,V,32,V,12,V
08,Barcelona,019,Barcelona,054,8,2025,2,13,11,V,8,V,9,V,16,V,22,V,21,V,21,V,15,V,21,V,16,V,11,V,13,V,11,V,10,V,10,V,11,V,14,V,21,V,22,V,18,V,22,V,15,V,19,V,23,V
08,Barcelona,019,Barcelona,054,8,2025,2,14,17,V,6,V,10,V,10,V,11,V,20,V,21,V,31,V,25,V,15,V,12,V,10,V,8,V,10,V,21,V,21,V,32,V,39,V,34,V,75,V,,N,,N,,N,,N
08,Barcelona,019,Barcelona,050,12,2025,2,11,42,V,33,V,35,V,68,V,66,V,71,V,69,V,74,V,79,V,75,V,60,V,37,V,31,V,16,V,12,V,19,V,30,V,40,V,90,V,49,V,35,V,36,V,34,V,39,V
08,Barcelona,019,Barcelona,050,12,2025,2,12,34,V,48,V,50,V,43,V,45,V,42,V,46,V,96,V,151,V,161,V,130,V,106,V,82,V,38,V,16,V,16,V,22,V,17,V,14,V,36,V,41,V,15,V,28,V,22,V
08,Barcelona,019,Barcelona,050,12,2025,2,13,16,V,18,V,14,V,12,V,15,V,18,V,21,V,78,V,60,V,32,V,25,V,20,V,25,V,34,V,44,V,36,V,51,V,48,V,41,V,31,V,43,V,42,V,41,V,42,V
08,Barcelona,019,Barcelona,050,12,2025,2,14,46,V,47,V,40,V,26,V,19,V,23,V,20,V,62,V,87,V,62,V,67,V,32,V,35,V,13,V,11,V,15,V,20,V,20,V,16,V,18,V,,N,,N,,N,,N
08,Barcelona,019,Barcelona,044,12,2025,2,11,37,V,40,V,40,V,28,V,17,V,21,V,56,V,73,V,126,V,76,V,72,V,64,V,65,V,53,V,36,V,50,V,44,V,57,V,59,V,49,V,48,V,47,V,38,V,50,V
08,Barcelona,019,Barcelona,044,12,2025,2,12,63,V,27,V,14,V,19,V,45,V,38,V,61,V,89,V,172,V,166,V,95,V,115,V,89,V,129,V,69,V,101,V,103,V,66,V,58,V,69,V,50,V,35,V,51,V,31,V
08,Barcelona,019,Barcelona,044,12,2025,2,13,21,V,14,V,14,V,26,V,39,V,33,V,34,V,75,V,132,V,60,V,78,V,53,V,37,V,28,V,30,V,37,V,49,V,72,V,71,V,46,V,39,V,47,V,27,V,45,V
08,Barcelona,019,Barcelona,044,12,2025,2,14,30,V,57,V,49,V,31,V,30,V,28,V,34,V,68,V,83,V,69,V,113,V,105,V,77,V,92,V,52,V,95,V,105,V,122,V,82,V,83,V,,N,,N,,N,,N
08,Barcelona,019,Barcelona,058,12,2025,2,11,5,V,7,V,5,V,4,V,4,V,5,V,5,V,26,V,16,V,12,V,16,V,9,V,25,V,14,V,13,V,11,V,11,V,11,V,12,V,9,V,5,V,5,V,8,V,11,V
08,Barcelona,019,Barcelona,058,12,2025,2,12,9,V,5,V,4,V,5,V,4,V,5,V,4,V,4,V,19,V,17,V,14,V,16,V,13,V,31,V,42,V,15,V,14,V,12,V,14,V,9,V,8,V,17,V,12,V,4,V
08,Barcelona,019,Barcelona,058,12,2025,2,13,4,V,5,V,5,V,4,V,6,V,6,V,4,V,5,V,6,V,7,V,7,V,12,V,10,V,10,V,10,V,9,V,9,V,11,V,9,V,9,V,9,V,6,V,6,V,5,V
08,Barcelona,019,Barcelona,058,12,2025,2,14,4,V,4,V,5,V,4,V,4,V,4,V,5,V,5,V,8,V,7,V,19,V,11,V,11,V,12,V,29,V,32,V,45,V,58,V,71,V,33,V,,N,,N,,N,,N
08,Barcelona,019,Barcelona,057,12,2025,2,11,20,V,18,V,14,V,11,V,13,V,17,V,28,V,69,V,71,V,56,V,30,V,27,V,21,V,16,V,14,V,14,V,12,V,18,V,24,V,47,V,40,V,36,V,18,V,23,V
08,Barcelona,019,Barcelona,057,12,2025,2,12,25,V,11,V,4,V,12,V,14,V,18,V,38,V,71,V,110,V,102,V,57,V,37,V,44,V,41,V,29,V,21,V,29,V,26,V,22,V,32,V,22,V,18,V,23,V,10,V
08,Barcelona,019,Barcelona,057,12,2025,2,13,8,V,8,V,8,V,11,V,13,V,8,V,18,V,28,V,58,V,24,V,28,V,26,V,22,V,12,V,13,V,20,V,25,V,49,V,20,V,12,V,20,V,53,V,50,V,22,V
08,Barcelona,019,Barcelona,057,12,2025,2,14,27,V,15,V,17,V,9,V,14,V,17,V,16,V,30,V,71,V,55,V,47,V,37,V,40,V,26,V,40,V,40,V,62,V,63,V,74,V,102,V,,N,,N,,N,,N
08,Barcelona,019,Barcelona,057,112,2025,2,11,19.53,V,18.2,V,14.07,V,10.9,V,12.44,V,16.91,V,27.91,V,68.73,V,72.01,V,55.64,V,30.03,V,27.15,V,20.72,V,15.59,V,14.19,V,13.75,V,12.84,V,17.81,V,24.02,V,46.7,V,39.94,V,35.37,V,18.08,V,22.46,V
08,Barcelona,019,Barcelona,057,112,2025,2,12,24.53,V,11.29,V,3.38,V,12.34,V,13.7,V,17.36,V,37.89,V,71.2,V,109.45,V,102.38,V,57.29,V,36.66,V,43.41,V,40.77,V,28.74,V,20.56,V,30.1,V,25.95,V,22.08,V,32.37,V,21.55,V,17.91,V,23.36,V,10.49,V
08,Barcelona,019,Barcelona,057,112,2025,2,13,7.5,V,8.61,V,7.5,V,10.9,V,13.39,V,7.53,V,17.55,V,27.74,V,57.62,V,24.27,V,28.17,V,25.97,V,21.38,V,12.09,V,13.41,V,20.03,V,24.59,V,49.02,V,21.68,V,11.86,V,19.79,V,53.09,V,49.7,V,21.83,V
08,Barcelona,019,Barcelona,057,112,2025,2,14,26.62,V,15.34,V,17.02,V,9.17,V,14.12,V,16.98,V,16.14,V,30.22,V,71,V,54.86,V,47.23,V,36.96,V,39.84,V,25.78,V,39.5,V,39.81,V,61.62,V,65.13,V,73.33,V,101.5,V,,N,,N,,N,,N
08,Barcelona,019,Barcelona,004,12,2025,2,11,77,V,81,V,66,V,65,V,54,V,49,V,70,V,103,V,169,V,167,V,68,V,31,V,29,V,19,V,13,V,21,V,16,V,31,V,63,V,48,V,37,V,34,V,39,V,78,V
08,Barcelona,019,Barcelona,004,12,2025,2,12,69,V,49,V,46,V,51,V,40,V,41,V,64,V,96,V,126,V,148,V,170,V,148,V,133,V,51,V,24,V,14,V,15,V,15,V,15,V,40,V,37,V,16,V,33,V,23,V
08,Barcelona,019,Barcelona,004,12,2025,2,13,13,V,18,V,17,V,18,V,15,V,19,V,31,V,27,V,42,V,39,V,36,V,24,V,21,V,26,V,37,V,43,V,46,V,55,V,35,V,34,V,47,V,45,V,16,V,17,V
08,Barcelona,019,Barcelona,004,12,2025,2,14,22,V,27,V,18,V,13,V,22,V,35,V,42,V,58,V,78,V,93,V,84,V,35,V,27,V,16,V,11,V,10,V,12,V,13,V,13,V,20,V,,N,,N,,N,,N
08,Barcelona,019,Barcelona,042,12,2025,2,11,35,V,35,V,32,V,30,V,15,V,18,V,50,V,82,V,44,V,32,V,26,V,30,V,20,V,17,V,13,V,13,V,15,V,16,V,19,V,29,V,30,V,26,V,31,V,23,V
08,Barcelona,019,Barcelona,042,12,2025,2,12,15,V,16,V,12,V,47,V,32,V,50,V,57,V,74,V,91,V,117,V,64,V,39,V,43,V,42,V,22,V,23,V,22,V,22,V,25,V,35,V,34,V,25,V,31,V,20,V
08,Barcelona,019,Barcelona,042,12,2025,2,13,12,V,9,V,12,V,13,V,11,V,11,V,13,V,27,V,24,V,17,V,17,V,19,V,14,V,11,V,12,V,17,V,20,V,29,V,24,V,22,V,25,V,39,V,43,V,46,V
08,Barcelona,019,Barcelona,042,12,2025,2,14,33,V,12,V,29,V,33,V,34,V,28,V,15,V,19,V,33,V,47,V,32,V,39,V,67,V,43,V,34,V,34,V,47,V,52,V,44,V,72,V,,N,,N,,N,,N
08,Barcelona,019,Barcelona,054,12,2025,2,11,25,V,23,V,15,V,26,V,22,V,36,V,82,V,120,V,102,V,145,V,36,V,14,V,21,V,18,V,14,V,11,V,12,V,18,V,33,V,45,V,37,V,44,V,82,V,54,V
08,Barcelona,019,Barcelona,054,12,2025,2,12,63,V,50,V,11,V,15,V,29,V,18,V,42,V,57,V,80,V,75,V,47,V,39,V,38,V,49,V,43,V,27,V,24,V,29,V,38,V,43,V,36,V,40,V,34,V,13,V
08,Barcelona,019,Barcelona,054,12,2025,2,13,10,V,7,V,8,V,17,V,24,V,24,V,26,V,19,V,26,V,22,V,16,V,20,V,16,V,14,V,13,V,15,V,17,V,25,V,27,V,21,V,25,V,16,V,21,V,26,V
08,Barcelona,019,Barcelona,054,12,2025,2,14,19,V,5,V,10,V,10,V,10,V,22,V,25,V,44,V,31,V,22,V,16,V,15,V,12,V,14,V,28,V,25,V,38,V,44,V,35,V,148,V,,N,,N,,N,,N
08,Barcelona,019,Barcelona,057,995,2025,2,11,121,V,130,V,158,V,151,V,135,V,105,V,104,V,268,V,291,V,197,V,178,V,177,V,111,V,63,V,54,V,54,V,66,V,85,V,90,V,132,V,128,V,145,V,113,V,87,V
08,Barcelona,019,Barcelona,057,995,2025,2,12,75,V,65,V,49,V,103,V,102,V,107,V,174,V,198,V,293,V,290,V,273,V,187,V,226,V,300,V,268,V,216,V,174,V,196,V,252,V,242,V,163,V,141,V,220,V,121,V
08,Barcelona,019,Barcelona,057,995,2025,2,13,121,V,143,V,212,V,365,V,303,V,178,V,187,V,191,V,221,V,198,V,152,V,159,V,126,V,109,V,145,V,183,V,244,V,228,V,187,V,209,V,226,V,258,V,288,V,260,V
08,Barcelona,019,Barcelona,057,995,2025,2,14,272,V,206,V,191,V,183,V,190,V,208,V,240,V,240,V,,N,374,V,330,V,360,V,381,V,338,V,407,V,383,V,455,V,474,V,461,V,446,V,,N,,N,,N,,N
08,Barcelona,019,Barcelona,054,995,2025,2,11,151,V,179,V,213,V,150,V,160,V,198,V,169,V,241,V,355,V,396,V,180,V,108,V,153,V,120,V,89,V,70,V,86,V,100,V,129,V,167,V,175,V,197,V,193,V,160,V
08,Barcelona,019,Barcelona,054,995,2025,2,12,151,V,133,V,85,V,132,V,151,V,158,V,164,V,150,V,234,V,,N,,N,215,V,182,V,328,V,339,V,246,V,224,V,237,V,278,V,286,V,219,V,280,V,368,V,165,V
08,Barcelona,019,Barcelona,054,995,2025,2,13,193,V,193,V,227,V,324,V,296,V,228,V,186,V,194,V,227,V,226,V,186,V,202,V,157,V,155,V,146,V,151,V,168,V,176,V,197,V,230,V,268,V,289,V,278,V,230,V
08,Barcelona,019,Barcelona,054,995,2025,2,14,193,V,180,V,188,V,183,V,201,V,224,V,257,V,280,V,334,V,356,V,313,V,292,V,266,V,289,V,373,V,417,V,421,V,442,V,396,V,463,V,,N,,N,,N,,N
08,Barcelona,019,Barcelona,050,14,2025,2,11,17,V,13,V,5,V,1,V,1,V,1,V,1,V,2,V,7,V,21,V,41,V,55,V,60,V,77,V,79,V,74,V,66,V,55,V,24,V,40,V,46,V,40,V,36,V,18,V
08,Barcelona,019,Barcelona,050,14,2025,2,12,17,V,4,V,2,V,1,V,1,V,1,V,1,V,1,V,1,V,1,V,2,V,8,V,16,V,43,V,55,V,57,V,59,V,61,V,69,V,42,V,40,V,60,V,39,V,41,V
08,Barcelona,019,Barcelona,050,14,2025,2,13,40,V,33,V,35,V,35,V,18,V,9,V,12,V,4,V,11,V,30,V,40,V,48,V,46,V,40,V,39,V,45,V,33,V,31,V,25,V,24,V,9,V,13,V,10,V,6,V
08,Barcelona,019,Barcelona,050,14,2025,2,14,4,V,2,V,2,V,6,V,20,V,20,V,22,V,3,V,3,V,10,V,13,V,29,V,31,V,54,V,59,V,57,V,54,V,53,V,47,V,31,V,,N,,N,,N,,N
08,Barcelona,019,Barcelona,043,14,2025,2,11,26,V,18,V,11,V,37,V,41,V,53,V,9,V,7,V,18,V,41,V,56,V,58,V,62,V,67,V,73,V,72,V,73,V,66,V,53,V,52,V,53,V,49,V,47,V,47,V
08,Barcelona,019,Barcelona,043,14,2025,2,12,55,V,44,V,49,V,48,V,16,V,7,V,13,V,8,V,3,V,5,V,30,V,27,V,42,V,44,V,55,V,62,V,63,V,61,V,47,V,33,V,39,V,49,V,38,V,34,V
08,Barcelona,019,Barcelona,043,14,2025,2,13,40,V,46,V,40,V,29,V,18,V,26,V,22,V,18,V,6,V,17,V,32,V,41,V,50,V,54,V,54,V,47,V,41,V,29,V,29,V,36,V,25,V,33,V,30,V,41,V
08,Barcelona,019,Barcelona,043,14,2025,2,14,40,V,36,V,35,V,7,V,9,V,6,V,14,V,7,V,5,V,10,V,13,V,12,V,25,V,30,V,49,V,46,V,30,V,16,V,7,V,4,V,,N,,N,,N,,N
08,Barcelona,019,Barcelona,044,14,2025,2,11,45,V,38,V,30,V,40,V,61,V,56,V,21,V,16,V,10,V,33,V,47,V,47,V,48,V,54,V,65,V,63,V,62,V,51,V,48,V,49,V,46,V,47,V,46,V,36,V
08,Barcelona,019,Barcelona,044,14,2025,2,12,19,V,54,V,68,V,62,V,18,V,37,V,10,V,9,V,2,V,10,V,28,V,20,V,26,V,23,V,42,V,36,V,35,V,43,V,47,V,33,V,46,V,51,V,26,V,44,V
08,Barcelona,019,Barcelona,044,14,2025,2,13,48,V,47,V,42,V,28,V,15,V,24,V,25,V,10,V,9,V,26,V,28,V,29,V,39,V,49,V,48,V,45,V,40,V,25,V,20,V,33,V,30,V,26,V,37,V,27,V
08,Barcelona,019,Barcelona,044,14,2025,2,14,24,V,11,V,8,V,21,V,27,V,27,V,21,V,16,V,17,V,14,V,11,V,15,V,23,V,25,V,42,V,32,V,27,V,20,V,23,V,12,V,,N,,N,,N,,N
08,Barcelona,019,Barcelona,058,14,2025,2,11,60,V,52,V,59,V,63,V,65,V,60,V,56,V,32,V,35,V,46,V,57,V,66,V,59,V,60,V,70,V,73,V,78,V,74,V,61,V,68,V,73,V,76,V,71,V,67,V
08,Barcelona,019,Barcelona,058,14,2025,2,12,69,V,76,V,73,V,72,V,74,V,73,V,73,V,76,V,62,V,55,V,66,V,69,V,73,V,57,V,47,V,70,V,75,V,80,V,76,V,81,V,85,V,63,V,64,V,73,V
08,Barcelona,019,Barcelona,058,14,2025,2,13,71,V,67,V,71,V,70,V,65,V,59,V,64,V,58,V,57,V,54,V,59,V,53,V,55,V,56,V,58,V,60,V,56,V,50,V,55,V,58,V,58,V,61,V,58,V,59,V
08,Barcelona,019,Barcelona,058,14,2025,2,14,57,V,59,V,62,V,63,V,65,V,60,V,57,V,57,V,51,V,49,V,37,V,42,V,47,V,56,V,52,V,47,V,43,V,30,V,17,V,46,V,,N,,N,,N,,N
08,Barcelona,019,Barcelona,057,14,2025,2,11,35,V,33,V,31,V,26,V,33,V,30,V,24,V,12,V,12,V,44,V,63,V,65,V,75,V,82,V,84,V,85,V,86,V,81,V,72,V,46,V,45,V,43,V,59,V,43,V
08,Barcelona,019,Barcelona,057,14,2025,2,12,37,V,55,V,83,V,58,V,45,V,40,V,18,V,19,V,6,V,10,V,39,V,63,V,55,V,53,V,62,V,71,V,67,V,65,V,68,V,55,V,69,V,67,V,49,V,65,V
08,Barcelona,019,Barcelona,057,14,2025,2,13,61,V,49,V,48,V,35,V,27,V,38,V,28,V,26,V,22,V,37,V,44,V,45,V,48,V,61,V,56,V,56,V,54,V,35,V,45,V,58,V,42,V,12,V,13,V,32,V
08,Barcelona,019,Barcelona,057,14,2025,2,14,19,V,28,V,31,V,42,V,31,V,27,V,31,V,26,V,14,V,20,V,28,V,30,V,35,V,45,V,49,V,53,V,40,V,26,V,13,V,3,V,,N,,N,,N,,N
08,Barcelona,019,Barcelona,057,114,2025,2,11,34.7,V,32.6,V,30.6,V,26.2,V,33.2,V,30.3,V,23.5,V,11.6,V,12.2,V,44.3,V,62.8,V,64.6,V,75,V,82.3,V,84,V,85,V,86.4,V,80.5,V,72.4,V,45.9,V,44.8,V,42.6,V,59.1,V,43.2,V
08,Barcelona,019,Barcelona,057,114,2025,2,12,36.7,V,55.1,V,82.5,V,58.1,V,44.9,V,40.5,V,17.6,V,18.7,V,5.7,V,9.6,V,39.2,V,62.4,V,54.9,V,52.7,V,62.4,V,71.2,V,67.1,V,65.2,V,67.4,V,54.7,V,68.5,V,67,V,49.3,V,65.2,V
08,Barcelona,019,Barcelona,057,114,2025,2,13,60.9,V,49.1,V,47.8,V,34.5,V,26.7,V,38,V,27.8,V,26.4,V,22.1,V,36.7,V,43.3,V,44.8,V,47.9,V,60.5,V,55.9,V,56.3,V,53.6,V,34.9,V,45.3,V,58.5,V,42.1,V,12,V,12.6,V,32,V
08,Barcelona,019,Barcelona,057,114,2025,2,14,18.6,V,27.9,V,31.2,V,41.8,V,31,V,27.4,V,31.2,V,25.5,V,14,V,19.9,V,27.8,V,30,V,35.2,V,45.3,V,49,V,52.9,V,39.7,V,25.7,V,12.9,V,3.4,V,,N,,N,,N,,N
08,Barcelona,019,Barcelona,054,14,2025,2,11,42,V,40,V,47,V,30,V,28,V,21,V,4,V,3,V,6,V,11,V,59,V,72,V,67,V,70,V,79,V,82,V,82,V,76,V,57,V,42,V,47,V,39,V,14,V,30,V
08,Barcelona,019,Barcelona,054,14,2025,2,12,27,V,30,V,66,V,57,V,43,V,54,V,41,V,34,V,15,V,17,V,36,V,45,V,48,V,43,V,55,V,67,V,70,V,63,V,54,V,39,V,52,V,38,V,36,V,57,V
08,Barcelona,019,Barcelona,054,14,2025,2,13,52,V,51,V,47,V,33,V,26,V,32,V,35,V,43,V,32,V,40,V,48,V,44,V,51,V,52,V,56,V,57,V,52,V,41,V,35,V,42,V,40,V,47,V,42,V,37,V
08,Barcelona,019,Barcelona,054,14,2025,2,14,40,V,48,V,40,V,37,V,36,V,27,V,29,V,21,V,24,V,33,V,37,V,40,V,49,V,51,V,59,V,59,V,52,V,45,V,44,V,3,V,,N,,N,,N,,N
08,Barcelona,019,Barcelona,057,11,2025,2,11,4,V,4,V,5,V,4,V,4,V,3,V,3,V,8,V,9,V,6,V,5,V,6,V,4,V,2,V,2,V,2,V,2,V,3,V,3,V,4,V,4,V,5,V,4,V,3,V
08,Barcelona,019,Barcelona,057,11,2025,2,12,3,V,3,V,2,V,4,V,4,V,4,V,6,V,7,V,10,V,9,V,9,V,6,V,7,V,10,V,8,V,7,V,5,V,6,V,8,V,8,V,5,V,4,V,7,V,3,V
08,Barcelona,019,Barcelona,057,11,2025,2,13,4,V,4,V,6,V,11,V,9,V,5,V,6,V,6,V,7,V,7,V,5,V,5,V,4,V,4,V,4,V,6,V,8,V,7,V,5,V,6,V,7,V,8,V,9,V,8,V
08,Barcelona,019,Barcelona,057,11,2025,2,14,9,V,7,V,6,V,6,V,6,V,7,V,8,V,8,V,,N,14,V,12,V,13,V,13,V,12,V,15,V,14,V,18,V,18,V,18,V,17,V,,N,,N,,N,,N
08,Barcelona,019,Barcelona,057,111,2025,2,11,3.76,V,3.79,V,4.62,V,4.35,V,3.76,V,2.88,V,2.85,V,8.09,V,9.11,V,5.88,V,5.36,V,5.55,V,3.6,V,2.02,V,1.86,V,1.89,V,2.11,V,2.7,V,2.86,V,4.14,V,4.06,V,4.69,V,3.74,V,3.03,V
08,Barcelona,019,Barcelona,057,111,2025,2,12,2.69,V,2.29,V,1.67,V,3.39,V,3.53,V,3.64,V,5.87,V,6.63,V,9.85,V,9.1,V,8.5,V,5.81,V,6.86,V,9.47,V,8.3,V,6.73,V,5.25,V,5.94,V,7.88,V,7.53,V,5.03,V,4.2,V,6.92,V,3.43,V
08,Barcelona,019,Barcelona,057,111,2025,2,13,3.37,V,3.9,V,6.2,V,11.35,V,9.19,V,5.15,V,5.45,V,5.68,V,7.06,V,6.4,V,4.83,V,4.99,V,3.78,V,3.24,V,4.44,V,5.76,V,8.1,V,7.39,V,5.31,V,5.81,V,6.42,V,7.71,V,8.87,V,7.98,V
08,Barcelona,019,Barcelona,057,111,2025,2,14,8.47,V,6.5,V,6.09,V,5.76,V,5.99,V,6.63,V,7.54,V,7.76,V,,N,14.22,V,11.51,V,12.69,V,13.36,V,11.95,V,14.65,V,13.96,V,17.39,V,18.43,V,17.94,V,17,V,,N,,N,,N,,N
08,Barcelona,019,Barcelona,054,11,2025,2,11,5,V,5,V,6,V,4,V,4,V,5,V,4,V,7,V,10,V,12,V,5,V,3,V,5,V,3,V,3,V,2,V,2,V,3,V,4,V,5,V,5,V,6,V,6,V,5,V
08,Barcelona,019,Barcelona,054,11,2025,2,12,5,V,4,V,3,V,4,V,5,V,5,V,5,V,4,V,6,V,,N,,N,6,V,5,V,10,V,10,V,7,V,7,V,7,V,8,V,8,V,6,V,8,V,11,V,4,V
08,Barcelona,019,Barcelona,054,11,2025,2,13,5,V,5,V,6,V,9,V,8,V,6,V,5,V,6,V,7,V,7,V,5,V,6,V,5,V,4,V,4,V,4,V,4,V,5,V,5,V,6,V,7,V,8,V,8,V,7,V
08,Barcelona,019,Barcelona,054,11,2025,2,14,6,V,5,V,6,V,6,V,6,V,7,V,8,V,9,V,11,V,12,V,10,V,9,V,8,V,9,V,12,V,14,V,14,V,15,V,14,V,16,V,,N,,N,,N,,N
08,Barcelona,019,Barcelona,043,10,2025,2,11,17,V,18,V,18,V,17,V,15,V,12,V,23,V,18,V,19,V,19,V,17,V,17,V,17,V,17,V,15,V,15,V,15,V,15,V,18,V,16,V,16,V,17,V,17,V,16,V
08,Barcelona,019,Barcelona,043,10,2025,2,12,13,V,12,V,12,V,12,V,18,V,21,V,22,V,22,V,28,V,40,V,27,V,31,V,26,V,26,V,18,V,17,V,16,V,15,V,15,V,17,V,17,V,12,V,14,V,13,V
08,Barcelona,019,Barcelona,043,10,2025,2,13,10,V,10,V,18,V,20,V,14,V,11,V,11,V,14,V,16,V,19,V,15,V,18,V,14,V,13,V,13,V,18,V,20,V,23,V,17,V,15,V,18,V,18,V,18,V,15,V
08,Barcelona,019,Barcelona,043,10,2025,2,14,14,V,13,V,12,V,16,V,16,V,16,V,13,V,20,V,25,V,32,V,36,V,42,V,32,V,31,V,24,V,25,V,34,V,32,V,26,V,30,V,,N,,N,,N,,N
08,Barcelona,019,Barcelona,044,10,2025,2,11,,N,,N,,N,,N,,N,,N,,N,,N,,N,,N,,N,,N,,N,,N,,N,,N,,N,,N,,N,,N,,N,,N,,N,,N
08,Barcelona,019,Barcelona,044,10,2025,2,12,,N,,N,,N,,N,,N,,N,,N,,N,,N,,N,,N,,N,,N,,N,,N,,N,,N,,N,,N,,N,,N,,N,,N,,N
08,Barcelona,019,Barcelona,044,10,2025,2,13,,N,,N,,N,,N,,N,,N,,N,,N,,N,,N,,N,,N,,N,,N,,N,,N,,N,,N,,N,,N,,N,,N,,N,,N
08,Barcelona,019,Barcelona,044,10,2025,2,14,,N,,N,,N,,N,,N,,N,,N,,N,,N,,N,,N,,N,,N,,N,,N,,N,,N,,N,,N,,N,,N,,N,,N,,N
08,Barcelona,019,Barcelona,058,10,2025,2,11,7,V,6,V,5,V,5,V,5,V,6,V,7,V,9,V,7,V,8,V,9,V,5,V,9,V,9,V,8,V,7,V,7,V,9,V,10,V,10,V,8,V,8,V,7,V,8,V
08,Barcelona,019,Barcelona,058,10,2025,2,12,7,V,6,V,7,V,6,V,7,V,6,V,9,V,8,V,12,V,14,V,12,V,12,V,11,V,13,V,15,V,5,V,5,V,7,V,7,V,7,V,6,V,5,V,6,V,6,V
08,Barcelona,019,Barcelona,058,10,2025,2,13,7,V,5,V,5,V,5,V,5,V,8,V,4,V,8,V,8,V,8,V,6,V,12,V,1,V,7,V,12,V,10,V,10,V,10,V,11,V,12,V,10,V,11,V,10,V,9,V
08,Barcelona,019,Barcelona,058,10,2025,2,14,7,V,8,V,10,V,8,V,8,V,8,V,11,V,8,V,10,V,12,V,15,V,11,V,7,V,8,V,20,V,18,V,16,V,20,V,22,V,19,V,,N,,N,,N,,N
08,Barcelona,019,Barcelona,057,10,2025,2,11,9,V,7,V,7,V,6,V,6,V,6,V,6,V,13,V,16,V,13,V,11,V,16,V,12,V,8,V,7,V,9,V,10,V,9,V,11,V,12,V,12,V,11,V,9,V,8,V
08,Barcelona,019,Barcelona,057,10,2025,2,12,7,V,6,V,4,V,7,V,7,V,7,V,12,V,17,V,23,V,25,V,21,V,22,V,16,V,23,V,16,V,12,V,12,V,11,V,12,V,11,V,8,V,6,V,9,V,5,V
08,Barcelona,019,Barcelona,057,10,2025,2,13,5,V,6,V,8,V,14,V,11,V,7,V,8,V,8,V,11,V,14,V,10,V,13,V,8,V,7,V,9,V,12,V,15,V,18,V,10,V,10,V,19,V,20,V,21,V,14,V
08,Barcelona,019,Barcelona,057,10,2025,2,14,14,V,10,V,9,V,8,V,9,V,9,V,11,V,15,V,,N,31,V,27,V,25,V,31,V,25,V,30,V,25,V,42,V,41,V,47,V,37,V,,N,,N,,N,,N
08,Barcelona,019,Barcelona,057,110,2025,2,11,8.54,V,6.94,V,7.25,V,6.06,V,6.07,V,5.42,V,5.7,V,13.25,V,16.67,V,13.71,V,10.9,V,15.69,V,12.72,V,7.93,V,6.95,V,8.64,V,9.44,V,9.19,V,10.68,V,12.25,V,11.75,V,11.14,V,9.15,V,7.72,V
08,Barcelona,019,Barcelona,057,110,2025,2,12,6.95,V,5.54,V,4.41,V,7.33,V,6.4,V,7.05,V,12.43,V,16.69,V,22.97,V,25.12,V,21.37,V,21.74,V,16.3,V,23.02,V,15.76,V,11.74,V,11.89,V,10.87,V,12.12,V,11.02,V,7.5,V,5.72,V,9.15,V,5.39,V
08,Barcelona,019,Barcelona,057,110,2025,2,13,5.2,V,5.78,V,8.18,V,13.55,V,11.24,V,7.3,V,7.55,V,7.91,V,10.95,V,12.04,V,9.65,V,13.31,V,8.28,V,6.94,V,9.37,V,12.28,V,14.81,V,17.58,V,9.94,V,10.23,V,18.73,V,20.11,V,20.49,V,13.94,V
08,Barcelona,019,Barcelona,057,110,2025,2,14,14.15,V,10.36,V,9.02,V,7.85,V,8.73,V,9.27,V,10.72,V,14.66,V,,N,30.68,V,26.78,V,24.64,V,31.07,V,24.96,V,30.19,V,24.72,V,42.19,V,38.39,V,46.59,V,36.35,V,,N,,N,,N,,N
08,Barcelona,019,Barcelona,004,10,2025,2,11,14,V,17,V,19,V,24,V,21,V,21,V,21,V,29,V,30,V,33,V,18,V,11,V,12,V,8,V,7,V,7,V,9,V,12,V,15,V,16,V,15,V,13,V,14,V,18,V
08,Barcelona,019,Barcelona,004,10,2025,2,12,19,V,16,V,19,V,21,V,20,V,18,V,22,V,33,V,29,V,36,V,38,V,40,V,40,V,31,V,14,V,17,V,15,V,10,V,9,V,14,V,12,V,7,V,9,V,8,V
08,Barcelona,019,Barcelona,004,10,2025,2,13,6,V,6,V,7,V,8,V,12,V,9,V,9,V,7,V,9,V,11,V,13,V,11,V,9,V,11,V,17,V,15,V,19,V,21,V,13,V,11,V,15,V,15,V,10,V,10,V
08,Barcelona,019,Barcelona,004,10,2025,2,14,12,V,13,V,10,V,8,V,10,V,14,V,13,V,14,V,17,V,24,V,28,V,18,V,15,V,14,V,14,V,14,V,13,V,14,V,14,V,14,V,,N,,N,,N,,N
08,Barcelona,019,Barcelona,054,10,2025,2,11,10,V,10,V,10,V,7,V,8,V,10,V,10,V,12,V,16,V,19,V,10,V,9,V,12,V,12,V,10,V,8,V,9,V,10,V,12,V,11,V,12,V,13,V,13,V,12,V
08,Barcelona,019,Barcelona,054,10,2025,2,12,11,V,9,V,6,V,8,V,9,V,9,V,9,V,9,V,17,V,,N,,N,16,V,13,V,22,V,21,V,13,V,13,V,12,V,12,V,12,V,9,V,11,V,14,V,7,V
08,Barcelona,019,Barcelona,054,10,2025,2,13,8,V,8,V,9,V,12,V,11,V,9,V,7,V,8,V,10,V,11,V,9,V,10,V,8,V,10,V,9,V,10,V,10,V,11,V,11,V,12,V,13,V,14,V,12,V,12,V
08,Barcelona,019,Barcelona,054,10,2025,2,14,9,V,8,V,9,V,10,V,10,V,10,V,11,V,16,V,20,V,18,V,14,V,15,V,14,V,15,V,20,V,23,V,24,V,26,V,22,V,31,V,,N,,N,,N,,N
08,Barcelona,019,Barcelona,043,9,2025,2,11,10,V,11,V,12,V,12,V,9,V,7,V,12,V,10,V,10,V,10,V,8,V,8,V,7,V,6,V,5,V,5,V,5,V,5,V,6,V,7,V,7,V,10,V,10,V,9,V
08,Barcelona,019,Barcelona,043,9,2025,2,12,7,V,6,V,6,V,7,V,10,V,13,V,15,V,12,V,16,V,19,V,13,V,14,V,12,V,14,V,12,V,10,V,9,V,8,V,10,V,13,V,13,V,9,V,10,V,9,V
08,Barcelona,019,Barcelona,043,9,2025,2,13,6,V,6,V,15,V,16,V,11,V,8,V,7,V,8,V,10,V,10,V,8,V,8,V,5,V,5,V,6,V,8,V,10,V,10,V,8,V,8,V,11,V,12,V,12,V,9,V
08,Barcelona,019,Barcelona,043,9,2025,2,14,8,V,8,V,7,V,10,V,10,V,10,V,9,V,11,V,13,V,17,V,19,V,22,V,17,V,16,V,14,V,15,V,18,V,20,V,17,V,20,V,,N,,N,,N,,N
08,Barcelona,019,Barcelona,057,9,2025,2,11,5,V,5,V,6,V,5,V,5,V,4,V,4,V,10,V,11,V,8,V,7,V,8,V,6,V,4,V,3,V,4,V,4,V,5,V,5,V,6,V,6,V,7,V,6,V,5,V
08,Barcelona,019,Barcelona,057,9,2025,2,12,4,V,4,V,3,V,5,V,5,V,5,V,8,V,9,V,13,V,12,V,11,V,9,V,10,V,13,V,10,V,9,V,7,V,8,V,10,V,9,V,6,V,5,V,8,V,4,V
08,Barcelona,019,Barcelona,057,9,2025,2,13,4,V,4,V,7,V,12,V,10,V,6,V,6,V,6,V,8,V,8,V,6,V,7,V,5,V,4,V,6,V,7,V,10,V,9,V,6,V,7,V,9,V,10,V,11,V,9,V
08,Barcelona,019,Barcelona,057,9,2025,2,14,10,V,8,V,7,V,6,V,7,V,7,V,8,V,9,V,,N,18,V,14,V,15,V,16,V,14,V,18,V,16,V,21,V,23,V,23,V,21,V,,N,,N,,N,,N
08,Barcelona,019,Barcelona,057,109,2025,2,11,5.25,V,4.9,V,5.58,V,5.15,V,4.66,V,3.64,V,3.79,V,9.83,V,11.25,V,8.12,V,6.9,V,7.98,V,5.96,V,3.59,V,3.37,V,3.66,V,3.89,V,4.49,V,4.86,V,6.23,V,6.04,V,6.49,V,5.47,V,4.59,V
08,Barcelona,019,Barcelona,057,109,2025,2,12,4.1,V,3.5,V,2.87,V,4.88,V,4.81,V,4.96,V,7.67,V,9.06,V,12.87,V,12.34,V,10.98,V,9.16,V,9.44,V,12.76,V,10.52,V,8.58,V,7.19,V,7.59,V,9.58,V,8.99,V,6.15,V,4.95,V,7.74,V,4.15,V
08,Barcelona,019,Barcelona,057,109,2025,2,13,3.99,V,4.55,V,6.86,V,12.13,V,9.87,V,5.71,V,6.07,V,6.33,V,7.84,V,7.5,V,5.84,V,6.51,V,4.64,V,4.04,V,5.58,V,7.09,V,9.59,V,9.24,V,6.46,V,6.95,V,8.43,V,9.94,V,11.11,V,9.21,V
08,Barcelona,019,Barcelona,057,109,2025,2,14,9.84,V,7.5,V,6.91,V,6.38,V,6.62,V,7.35,V,8.29,V,8.95,V,,N,18.39,V,14.06,V,14.76,V,16.13,V,14.25,V,17.39,V,16.23,V,21.43,V,21.95,V,22.55,V,20.69,V,,N,,N,,N,,N
08,Barcelona,019,Barcelona,054,9,2025,2,11,6,V,7,V,7,V,5,V,5,V,6,V,6,V,9,V,12,V,14,V,6,V,5,V,6,V,5,V,4,V,4,V,4,V,5,V,6,V,7,V,7,V,8,V,8,V,7,V
08,Barcelona,019,Barcelona,054,9,2025,2,12,7,V,6,V,4,V,6,V,7,V,7,V,6,V,6,V,9,V,,N,,N,8,V,7,V,13,V,13,V,9,V,8,V,8,V,10,V,10,V,8,V,9,V,12,V,5,V
08,Barcelona,019,Barcelona,054,9,2025,2,13,6,V,6,V,7,V,10,V,9,V,7,V,6,V,6,V,8,V,8,V,6,V,7,V,5,V,5,V,5,V,5,V,6,V,6,V,7,V,7,V,8,V,10,V,9,V,8,V
08,Barcelona,019,Barcelona,054,9,2025,2,14,7,V,6,V,7,V,6,V,7,V,7,V,9,V,10,V,12,V,13,V,11,V,11,V,10,V,10,V,14,V,16,V,16,V,18,V,16,V,19,V,,N,,N,,N,,N
08,Barcelona,019,Barcelona,043,901,2025,2,11,0,V,0,V,0,V,0,V,0,V,0,V,0,V,0,V,0,V,0,V,0,V,0,V,0,V,0,V,0,V,0,V,0,V,0,V,0,V,0,V,0,V,0,V,0,V,0,V
08,Barcelona,019,Barcelona,043,901,2025,2,12,0,V,0,V,0,V,0,V,0,V,0,V,0,V,0,V,0,V,0,V,0,V,0,V,0,V,0,V,0,V,0,V,0,V,0,V,0,V,0,V,0,V,0,V,0,V,0,V
08,Barcelona,019,Barcelona,043,901,2025,2,13,0,V,0,V,0,V,0,V,0,V,0,V,0,V,0,V,0,V,0,V,0,V,0,V,0,V,0,V,0,V,0,V,0,V,0,V,0,V,0,V,0,V,0,V,0,V,29,V
08,Barcelona,019,Barcelona,043,901,2025,2,14,791,V,0,V,0,V,0,V,0,V,0,V,0,V,0,V,0,V,0,V,0,V,0,V,0,V,0,V,0,V,0,V,0,V,0,V,0,V,0,V,,N,,N,,N,,N
08,Barcelona,019,Barcelona,054,901,2025,2,11,0,V,0,V,0,V,0,V,0,V,0,V,0,V,0,V,0,V,0,V,0,V,0,V,0,V,0,V,0,V,0,V,0,V,0,V,0,V,0,V,0,V,0,V,0,V,0,V
08,Barcelona,019,Barcelona,054,901,2025,2,12,0,V,0,V,0,V,0,V,0,V,0,V,0,V,0,V,0,V,0,V,0,V,0,V,0,V,0,V,0,V,0,V,0,V,0,V,0,V,0,V,0,V,0,V,0,V,0,V
08,Barcelona,019,Barcelona,054,901,2025,2,13,0,V,0,V,0,V,0,V,0,V,0,V,0,V,0,V,0,V,0,V,0,V,0,V,0,V,0,V,0,V,0,V,0,V,0,V,0,V,0,V,0,V,0,V,0,V,63,V
08,Barcelona,019,Barcelona,054,901,2025,2,14,751,V,0,V,0,V,0,V,0,V,0,V,0,V,0,V,0,V,0,V,0,V,0,V,0,V,0,V,0,V,0,V,0,V,0,V,0,V,0,V,,N,,N,,N,,N
08,Barcelona,019,Barcelona,043,1,2025,2,11,1,V,1,V,1,V,1,V,1,V,1,V,1,V,1,V,1,V,1,V,1,V,1,V,1,V,1,V,1,V,1,V,1,V,1,V,1,V,1,V,1,V,1,V,1,V,1,V
08,Barcelona,019,Barcelona,043,1,2025,2,12,1,V,1,V,1,V,1,V,1,V,1,V,1,V,1,V,1,V,2,V,1,V,1,V,1,V,1,V,1,V,1,V,1,V,1,V,1,V,1,V,1,V,1,V,1,V,1,V
08,Barcelona,019,Barcelona,043,1,2025,2,13,1,V,1,V,1,V,1,V,1,V,1,V,1,V,1,V,1,V,1,V,1,V,1,V,1,V,1,V,1,V,1,V,1,V,1,V,1,V,1,V,1,V,1,V,1,V,1,V
08,Barcelona,019,Barcelona,043,1,2025,2,14,1,V,1,V,1,V,1,V,1,V,1,V,1,V,1,V,1,V,1,V,1,V,1,V,1,V,1,V,1,V,1,V,1,V,1,V,1,V,1,V,,N,,N,,N,,N
08,Barcelona,019,Barcelona,044,1,2025,2,11,2,V,2,V,2,V,2,V,2,V,2,V,2,V,2,V,3,V,2,V,2,V,2,V,2,V,2,V,2,V,2,V,2,V,2,V,2,V,2,V,2,V,2,V,2,V,2,V
08,Barcelona,019,Barcelona,044,1,2025,2,12,2,V,2,V,2,V,2,V,2,V,2,V,2,V,2,V,3,V,3,V,2,V,3,V,3,V,3,V,2,V,2,V,2,V,2,V,2,V,2,V,2,V,2,V,2,V,2,V
08,Barcelona,019,Barcelona,044,1,2025,2,13,2,V,2,V,2,V,2,V,2,V,2,V,3,V,2,V,3,V,3,V,3,V,2,V,2,V,2,V,2,V,2,V,2,V,2,V,2,V,2,V,2,V,2,V,2,V,2,V
08,Barcelona,019,Barcelona,044,1,2025,2,14,2,V,2,V,2,V,1,V,2,V,2,V,2,V,2,V,2,V,2,V,3,V,2,V,3,V,3,V,2,V,3,V,2,V,2,V,2,V,2,V,,N,,N,,N,,N
08,Barcelona,019,Barcelona,057,1,2025,2,11,2,V,2,V,2,V,2,V,2,V,2,V,2,V,2,V,2,V,2,V,2,V,2,V,2,V,2,V,2,V,2,V,2,V,2,V,2,V,2,V,2,V,2,V,2,V,1,V
08,Barcelona,019,Barcelona,057,1,2025,2,12,1,V,2,V,2,V,2,V,2,V,2,V,1,V,2,V,2,V,2,V,2,V,2,V,2,V,2,V,2,V,2,V,1,V,2,V,2,V,2,V,2,V,1,V,1,V,2,V
08,Barcelona,019,Barcelona,057,1,2025,2,13,1,V,2,V,2,V,2,V,2,V,2,V,2,V,2,V,2,V,2,V,2,V,2,V,2,V,2,V,2,V,2,V,2,V,2,V,2,V,2,V,2,V,2,V,2,V,2,V
08,Barcelona,019,Barcelona,057,1,2025,2,14,2,V,2,V,2,V,2,V,2,V,2,V,2,V,2,V,2,V,2,V,2,V,2,V,2,V,2,V,2,V,2,V,2,V,2,V,2,V,2,V,,N,,N,,N,,N
08,Barcelona,019,Barcelona,057,101,2025,2,11,1.57,V,1.58,V,1.4,V,1.36,V,1.5,V,1.19,V,1.63,V,1.79,V,1.68,V,1.34,V,1.65,V,1.4,V,1.33,V,1.62,V,1.59,V,1.7,V,1.58,V,1.7,V,1.58,V,1.56,V,1.75,V,1.65,V,1.49,V,1.39,V
08,Barcelona,019,Barcelona,057,101,2025,2,12,1.25,V,1.44,V,1.5,V,1.52,V,1.26,V,1.45,V,1.16,V,1.63,V,1.81,V,1.69,V,1.27,V,1.41,V,1.34,V,1.66,V,1.43,V,1.55,V,1.29,V,1.47,V,1.53,V,1.36,V,1.5,V,1.35,V,1.49,V,1.6,V
08,Barcelona,019,Barcelona,057,101,2025,2,13,1.23,V,1.42,V,1.64,V,1.48,V,1.53,V,1.48,V,1.45,V,1.42,V,1.6,V,1.48,V,1.55,V,1.75,V,1.69,V,1.6,V,1.49,V,1.68,V,1.71,V,1.72,V,1.65,V,1.33,V,1.45,V,1.5,V,1.52,V,1.66,V
08,Barcelona,019,Barcelona,057,101,2025,2,14,1.54,V,1.37,V,1.37,V,1.28,V,1.6,V,1.37,V,1.48,V,1.56,V,1.87,V,1.92,V,1.67,V,1.74,V,1.75,V,1.81,V,1.92,V,1.51,V,1.67,V,1.46,V,1.82,V,1.95,V,,N,,N,,N,,N
08,Barcelona,019,Barcelona,054,1,2025,2,11,2,V,2,V,1,V,2,V,2,V,2,V,2,V,2,V,2,V,2,V,2,V,2,V,1,V,2,V,2,V,2,V,2,V,2,V,2,V,2,V,1,V,2,V,2,V,2,V
08,Barcelona,019,Barcelona,054,1,2025,2,12,2,V,2,V,1,V,1,V,2,V,2,V,2,V,2,V,2,V,2,V,2,V,2,V,2,V,2,V,2,V,2,V,2,V,2,V,2,V,2,V,1,V,1,V,1,V,1,V
08,Barcelona,019,Barcelona,054,1,2025,2,13,1,V,1,V,1,V,1,V,1,V,1,V,1,V,2,V,1,V,2,V,2,V,1,V,2,V,2,V,2,V,2,V,2,V,2,V,2,V,2,V,2,V,1,V,1,V,1,V
08,Barcelona,019,Barcelona,054,1,2025,2,14,2,V,1,V,2,V,2,V,1,V,1,V,2,V,2,V,2,V,2,V,2,V,2,V,2,V,2,V,2,V,2,V,2,V,2,V,2,V,2,V,,N,,N,,N,,N
